{"flutter":{"platforms":{"android":{"default":{"projectId":"coffe-shop-191f3","appId":"1:532278460713:android:6ff25c1f6c95f527a17738","fileOutput":"android/app/google-services.json"}},"dart":{"lib/firebase_options.dart":{"projectId":"coffe-shop-191f3","configurations":{"android":"1:532278460713:android:6ff25c1f6c95f527a17738","ios":"1:532278460713:ios:95d869ad0fda75e5a17738","macos":"1:532278460713:ios:95d869ad0fda75e5a17738","web":"1:532278460713:web:859b3efb14dd570fa17738","windows":"1:532278460713:web:fda78d1f1d5e4ec7a17738"}}}}}}