{
  "project_info": {
    "project_number": "532278460713",
    "project_id": "coffe-shop-191f3",
    "storage_bucket": "coffe-shop-191f3.appspot.com"
  },
  "client": [
    {
      "client_info": {
        "mobilesdk_app_id": "1:532278460713:android:6ff25c1f6c95f527a17738",
        "android_client_info": {
          "package_name": "com.application_coffe_shop_mobile"
        }
      },
      "oauth_client": [],
      "api_key": [
        {
          "current_key": "AIzaSyC4aQRtR4BpCN9XHVQHpUaFAP6BfbQBql4"
        }
      ],
      "services": {
        "appinvite_service": {
          "other_platform_oauth_client": []
        }
      }
    }
  ],
  "configuration_version": "1"
}